{"yield_yams_future_ssp370": {"min": 0.0932214041424385, "quantile_1": 0.17238240254670123, "quantile_2": 0.20148957998992886, "quantile_10": 0.46389880235647796, "quantile_20": 0.645757329119008, "quantile_30": 0.8783592310080179, "quantile_40": 0.9917399886863135, "quantile_50": 1.0444989804952596, "quantile_60": 1.0959856103977865, "quantile_70": 1.2026387174428843, "quantile_80": 1.240031899832002, "quantile_90": 1.3015083360792885, "quantile_98": 1.5148715087772098, "quantile_99": 1.648043543604546, "max": 7.693024278210249}, "yield_bambaragroundnut_future_ssp370": {"min": 0.18390470656595, "quantile_1": 0.36454996910896814, "quantile_2": 0.38543664778987907, "quantile_10": 0.47053114333018686, "quantile_20": 0.6079618989721989, "quantile_30": 0.8091023166220712, "quantile_40": 0.9367917307586601, "quantile_50": 1.0358392186859415, "quantile_60": 1.0814486777575507, "quantile_70": 1.23922281649263, "quantile_80": 1.3538942576830006, "quantile_90": 1.4730439495073302, "quantile_98": 1.6250172208572207, "quantile_99": 1.6484464594393256, "max": "none"}, "yield_groundnut_future_ssp126": {"min": 0.1024, "quantile_1": 0.3039454974075806, "quantile_2": 0.4338782743457764, "quantile_10": 0.7150379270241272, "quantile_20": 0.885946657704215, "quantile_30": 0.9559977392110738, "quantile_40": 0.9999718047102095, "quantile_50": 1.028336201913004, "quantile_60": 1.0434349730744625, "quantile_70": 1.0558410416653197, "quantile_80": 1.0965235947010383, "quantile_90": 1.2005209926325708, "quantile_98": 1.479278566939034, "quantile_99": 1.7661253557630296, "max": "none"}, "yield_yams_future_ssp126": {"min": 0.10026085080510719, "quantile_1": 0.19914334089790223, "quantile_2": 0.23082279898595318, "quantile_10": 0.43155183449341894, "quantile_20": 0.6911396716121141, "quantile_30": 0.9131056384233748, "quantile_40": 1.0008768254954923, "quantile_50": 1.0508057460489837, "quantile_60": 1.0840543979789945, "quantile_70": 1.1418186057301023, "quantile_80": 1.1643953815102244, "quantile_90": 1.1957052954001286, "quantile_98": 1.3432814490690073, "quantile_99": 1.453897733884253, "max": 4.265900598048951}, "yield_pigeonpea_future_ssp370": {"min": 0.7808866790967476, "quantile_1": 0.8076239989635067, "quantile_2": 0.8412712548513379, "quantile_10": 0.9773690814353398, "quantile_20": 1.0144534592772751, "quantile_30": 1.0453299747373934, "quantile_40": 1.0623852252499195, "quantile_50": 1.07068351203245, "quantile_60": 1.0847070893211068, "quantile_70": 1.1296712196004801, "quantile_80": 1.1790183974854451, "quantile_90": 1.2427005245679983, "quantile_98": 1.3252273255667302, "quantile_99": 1.3437139933861464, "max": 1.3928042080577585}, "yield_bambaragroundnut_future_ssp126": {"min": 0.19111570247933884, "quantile_1": 0.26470696984716474, "quantile_2": 0.29904467887246194, "quantile_10": 0.42430058746705285, "quantile_20": 0.6640878457843821, "quantile_30": 0.8742958881349552, "quantile_40": 0.9762455218897165, "quantile_50": 1.0139287470700569, "quantile_60": 1.0483307607955572, "quantile_70": 1.0873441278039973, "quantile_80": 1.1846560136570206, "quantile_90": 1.251375845262464, "quantile_98": 1.3396755050862788, "quantile_99": 1.3940582120365996, "max": "none"}, "yield_groundnut_future_ssp370": {"min": 0.11723163841807911, "quantile_1": 0.3076589840539207, "quantile_2": 0.37985848404454714, "quantile_10": 0.6175434171461601, "quantile_20": 0.8325648437571433, "quantile_30": 0.9401281876448929, "quantile_40": 1.0085920440286966, "quantile_50": 1.0426071367431344, "quantile_60": 1.0679008656624542, "quantile_70": 1.0963464528626403, "quantile_80": 1.1758452481076533, "quantile_90": 1.3591441048034933, "quantile_98": 1.8280363516407876, "quantile_99": 2.106075766739162, "max": "none"}, "yield_soybean_future_ssp370": {"min": 0.3434592042670779, "quantile_1": 0.41243569677604497, "quantile_2": 0.44572213706292396, "quantile_10": 0.6673918243314407, "quantile_20": 0.8028264082563478, "quantile_30": 0.8842480794685581, "quantile_40": 0.9283004593207653, "quantile_50": 0.9615417120660964, "quantile_60": 0.9874330219084695, "quantile_70": 1.0227349211896963, "quantile_80": 1.0660156062999666, "quantile_90": 1.1195194786139542, "quantile_98": 1.2815074918701506, "quantile_99": 1.3237239642708896, "max": 1.830588401474467}, "yield_okra_future_ssp126": {"min": 0.5539553450523336, "quantile_1": 0.5987737538921394, "quantile_2": 0.6247158845212215, "quantile_10": 0.7411811676022967, "quantile_20": 0.8418061919145704, "quantile_30": 0.9007320144245807, "quantile_40": 0.9343616874524473, "quantile_50": 0.9656453361152821, "quantile_60": 0.989180857718801, "quantile_70": 1.010137834992537, "quantile_80": 1.0234133038347069, "quantile_90": 1.033585765626293, "quantile_98": 1.0774135379389689, "quantile_99": 1.1024150308692666, "max": 1.1460006267034806}, "yield_okra_future_ssp370": {"min": 0.44930366787240567, "quantile_1": 0.48643060100012736, "quantile_2": 0.5120941831383843, "quantile_10": 0.6387366591232609, "quantile_20": 0.7418656327378356, "quantile_30": 0.8197197717479833, "quantile_40": 0.8594681096157543, "quantile_50": 0.9012794302840188, "quantile_60": 0.9374228032361251, "quantile_70": 0.9753650450299604, "quantile_80": 0.9961976890456568, "quantile_90": 1.0307204038274485, "quantile_98": 1.0882610798091037, "quantile_99": 1.1334822549239083, "max": 1.2232109389318844}, "yield_soybean_future_ssp126": {"min": 0.3982111548723161, "quantile_1": 0.4554171834762869, "quantile_2": 0.5028779694133249, "quantile_10": 0.7552728857886949, "quantile_20": 0.8671174595176872, "quantile_30": 0.930159966829578, "quantile_40": 0.9662547098718914, "quantile_50": 0.9861227175185794, "quantile_60": 1.0010972301418624, "quantile_70": 1.0179554919662308, "quantile_80": 1.0513385034592198, "quantile_90": 1.090173864082836, "quantile_98": 1.1637999076984045, "quantile_99": 1.1919588956986236, "max": 1.4859886539453326}, "yield_pigeonpea_future_ssp126": {"min": 0.8505197036372737, "quantile_1": 0.8665941950297883, "quantile_2": 0.8896069807368989, "quantile_10": 0.9779578021032682, "quantile_20": 1.0109605908195018, "quantile_30": 1.024327308230344, "quantile_40": 1.0379955052155314, "quantile_50": 1.0471156896518687, "quantile_60": 1.053960138100783, "quantile_70": 1.0723725888093993, "quantile_80": 1.103489429420685, "quantile_90": 1.1317565226662065, "quantile_98": 1.1859977952625995, "quantile_99": 1.2279561406986643, "max": 1.2842810466127375}}